Date,AAPL,AMGN,AMZN,AXP,BA,CAT,CRM,CSCO,CVX,DIS,GS,HD,HON,IBM,JNJ,JPM,KO,MCD,MMM,MRK,MSFT,NKE,NVDA,PG,SHW,TRV,UNH,V,VZ,WMT
2024-08-01,217.62855529785156,327.9171142578125,184.07000732421875,246.63131713867188,178.30999755859375,327.5494384765625,251.9794464111328,46.40245819091797,147.76771545410156,92.63951110839844,492.2867126464844,352.31231689453125,201.39212036132812,184.08583068847656,157.02207946777344,204.37254333496094,66.49845123291016,264.0727844238281,124.51222229003906,111.20498657226562,414.6962585449219,72.78033447265625,109.18309783935547,162.70896911621094,348.2724914550781,209.38990783691406,566.1459350585938,264.4491882324219,38.89702606201172,69.08060455322266
2024-08-02,219.12355041503906,326.41204833984375,167.89999389648438,230.36642456054688,169.9499969482422,317.0270080566406,242.9282684326172,45.68767166137695,143.82711791992188,89.17485809326172,463.26849365234375,349.2173767089844,200.51600646972656,183.56170654296875,160.32350158691406,195.70468139648438,67.8389892578125,271.8746337890625,123.30126190185547,112.55328369140625,406.1261901855469,72.93801879882812,107.24356079101562,167.01998901367188,345.16131591796875,211.8387908935547,583.0086669921875,265.0955810546875,39.011295318603516,67.76412200927734
2024-08-05,208.56903076171875,317.8410339355469,161.02000427246094,224.05882263183594,167.02999877929688,313.0057373046875,237.9894256591797,43.80768585205078,140.06080627441406,87.39275360107422,451.8304443359375,343.89215087890625,196.59800720214844,177.92245483398438,157.50070190429688,191.53781127929688,66.63544464111328,263.7780456542969,122.68101501464844,109.72967529296875,392.86334228515625,70.38552856445312,100.42524719238281,165.0363311767578,337.0503845214844,205.9930419921875,563.368408203125,255.01205444335938,37.8972282409668,66.90296936035156
2024-08-06,206.5358428955078,321.4864196777344,161.92999267578125,229.2159881591797,165.0399932861328,322.5303039550781,237.40196228027344,44.21893310546875,138.67625427246094,89.5730972290039,462.8550720214844,347.7239685058594,195.7021942138672,181.30987548828125,155.27371215820312,196.8839874267578,66.58651733398438,265.3599853515625,122.9566879272461,108.5963363647461,397.29754638671875,71.44988250732422,104.22430419921875,165.06576538085938,342.05010986328125,205.66720581054688,561.7770385742188,256.8218994140625,38.335235595703125,67.05145263671875
2024-08-07,209.11717224121094,305.40966796875,162.77000427246094,226.9151153564453,163.24000549316406,321.89794921875,239.01504516601562,44.17976379394531,137.88232421875,85.5807876586914,465.60137939453125,336.4151611328125,194.83590698242188,181.30987548828125,155.20535278320312,196.9429473876953,66.9876937866211,264.6820373535156,120.92857360839844,109.90554809570312,396.1243591308594,71.56816101074219,98.88563537597656,166.96107482910156,337.6666259765625,206.74349975585938,559.5333251953125,255.0915985107422,38.354278564453125,66.2298812866211
2024-08-08,212.59547424316406,317.32305908203125,165.8000030517578,231.6160430908203,168.8699951171875,332.1338806152344,248.0562744140625,44.87497329711914,139.8961944580078,85.5807876586914,478.1614990234375,342.2513122558594,196.706298828125,186.94912719726562,156.49464416503906,200.539794921875,67.25189208984375,266.4703063964844,123.19296264648438,111.30268859863281,400.3597412109375,73.11541748046875,104.94413757324219,167.79576110839844,340.64862060546875,209.0245361328125,559.69140625,258.3831787109375,38.58280563354492,66.97225952148438
2024-08-09,215.51568603515625,315.1730041503906,166.94000244140625,235.8905487060547,167.91000366210938,334.208740234375,251.4517059326172,44.52247619628906,140.3802947998047,85.82968139648438,482.5811767578125,342.5461120605469,195.1410675048828,187.44847106933594,156.88534545898438,202.2498016357422,67.20296478271484,263.2474365234375,122.2478256225586,111.91822814941406,403.6704406738281,73.26323699951172,104.72418975830078,167.47171020507812,343.5610046386719,209.8144989013672,552.2979125976562,258.8315734863281,38.80181121826172,67.25930786132812
2024-08-12,217.0522918701172,312.7394714355469,166.8000030517578,235.09713745117188,164.1300048828125,332.0054626464844,250.23692321777344,43.9251823425293,140.4093475341797,85.5708236694336,477.8957214355469,339.7655334472656,193.72349548339844,185.51963806152344,156.16256713867188,202.63307189941406,66.70393371582031,264.77044677734375,121.45036315917969,110.872802734375,404.4559020996094,73.55889129638672,108.99313354492188,163.80882263183594,341.1754150390625,207.09898376464844,558.7523803710938,258.9610900878906,38.59232711791992,68.0016860961914
2024-08-13,220.78408813476562,316.1112365722656,170.22999572753906,237.0211639404297,168.75999450683594,334.74224853515625,253.51287841796875,44.424556732177734,139.56700134277344,85.22237396240234,484.23486328125,343.95111083984375,193.66445922851562,186.99807739257812,154.7071990966797,204.35289001464844,66.9876937866211,265.60565185546875,123.40956115722656,111.76189422607422,411.6142272949219,77.36298370361328,116.11138153076172,164.28016662597656,346.98028564453125,208.2345733642578,567.598876953125,259.2002258300781,38.83037567138672,67.4374771118164
2024-08-14,221.23309326171875,315.4075622558594,170.10000610351562,241.75186157226562,168.5,333.5467834472656,254.2298126220703,44.493099212646484,140.07044982910156,85.9192886352539,490.88897705078125,349.4433898925781,194.52088928222656,188.30029296875,154.79510498046875,206.6132049560547,67.10511779785156,266.4310302734375,124.21686553955078,110.97050476074219,414.4477233886719,77.3826904296875,118.05091094970703,165.7630157470703,350.0318298339844,211.404296875,572.9661254882812,260.2066650390625,38.94464111328125,67.96209716796875
2024-08-15,224.22650146484375,318.0072326660156,177.58999633789062,247.444580078125,176.41000366210938,341.5003356933594,261.6678771972656,47.51870346069336,142.13275146484375,88.39830017089844,491.2039489746094,353.77630615234375,195.36749267578125,189.89620971679688,155.3909149169922,207.90060424804688,67.17361450195312,270.0863037109375,125.19154357910156,110.70671081542969,419.34808349609375,81.30504608154297,122.82972717285156,164.89883422851562,354.3258361816406,213.71495056152344,572.90673828125,265.84637451171875,38.12575912475586,72.43614959716797
2024-08-16,225.5535888671875,316.3341979980469,177.05999755859375,249.63638305664062,179.99000549316406,339.3662414550781,261.7873840332031,48.429325103759766,142.5878143310547,88.90605163574219,496.36187744140625,355.73150634765625,196.47605895996094,189.72976684570312,155.6839599609375,210.2788543701172,67.69221496582031,273.6432800292969,125.083251953125,111.05843353271484,416.7983093261719,82.02447509765625,124.54930114746094,164.869384765625,352.9762878417969,213.8531951904297,570.9991455078125,266.42431640625,38.66850280761719,72.91063690185547
2024-08-19,225.3939208984375,322.7604675292969,178.22000122070312,251.9570770263672,179.63999938964844,340.522216796875,264.2468566894531,48.93849182128906,143.7528839111328,90.41934204101562,496.7752990722656,356.7238464355469,197.01055908203125,190.659912109375,155.9183807373047,211.7333221435547,67.49652099609375,282.5456237792969,125.11278533935547,111.79119873046875,419.8460998535156,82.07374572753906,129.9679718017578,165.3898468017578,354.5698547363281,216.2033233642578,572.08642578125,265.517578125,38.79228973388672,73.17865753173828
2024-08-20,226.0125732421875,323.3312683105469,178.8800048828125,250.99508666992188,172.10000610351562,339.1883544921875,260.7219543457031,49.19307327270508,141.65771484375,89.34410858154297,489.5502624511719,360.8504638671875,198.0300750732422,191.9327392578125,156.43605041503906,210.81936645507812,67.88790893554688,280.6590576171875,125.72318267822266,112.49465942382812,423.10302734375,82.34968566894531,127.2186508178711,167.34405517578125,353.9124755859375,214.2975616455078,573.9347534179688,267.08197021484375,38.89702606201172,73.99263000488281
2024-08-21,225.90281677246094,323.9217224121094,180.11000061035156,244.2709503173828,173.42999267578125,338.8623352050781,259.9751892089844,49.39869689941406,142.27452087402344,90.31978607177734,488.6840515136719,363.98468017578125,199.36630249023438,193.0880584716797,157.67649841308594,210.8979949951172,68.07382202148438,284.6679992675781,127.22949981689453,113.36421966552734,422.4456787109375,82.78331756591797,128.46835327148438,167.09854125976562,356.5319519042969,214.19879150390625,571.3846435546875,267.24139404296875,39.087467193603516,74.68749237060547
2024-08-22,224.0369110107422,319.3751220703125,176.1300048828125,245.71890258789062,172.75999450683594,338.25958251953125,257.48583984375,49.173492431640625,142.67591857910156,89.5233154296875,489.953857421875,358.97381591796875,198.09934997558594,191.8642120361328,158.5751190185547,212.89295959472656,67.8389892578125,284.17669677734375,126.6092529296875,113.87226867675781,413.8899841308594,82.20187377929688,123.70951080322266,167.08871459960938,356.4721984863281,215.12701416015625,572.027099609375,266.9823303222656,38.916072845458984,75.0250015258789
2024-08-23,226.3418426513672,323.5772705078125,177.0399932861328,249.22975158691406,174.9600067138672,344.2371826171875,262.8727111816406,49.682655334472656,144.5263214111328,90.16049194335938,501.4410705566406,369.0250244140625,200.4154815673828,192.0012664794922,160.31373596191406,214.54397583007812,68.28909301757812,284.4813232421875,128.52906799316406,113.92111206054688,415.1250305175781,82.83259582519531,129.33811950683594,166.1263427734375,357.28887939453125,219.03733825683594,577.7501831054688,266.484130859375,39.23981857299805,75.14411163330078
2024-08-26,226.68109130859375,321.5893859863281,175.5,251.78848266601562,173.47999572753906,346.9542236328125,264.1472473144531,49.73161315917969,145.38787841796875,91.37510681152344,499.91534423828125,367.57086181640625,201.7715301513672,193.8419647216797,160.78257751464844,215.38914489746094,69.3165054321289,283.65594482421875,130.50872802734375,113.59870147705078,411.83819580078125,83.05925750732422,126.42884063720703,167.28512573242188,359.2409973144531,219.98529052734375,580.33984375,267.2513427734375,39.506431579589844,75.47169494628906
2024-08-27,227.52923583984375,321.7369689941406,173.1199951171875,252.92901611328125,173.0500030517578,346.91473388671875,263.0718994140625,49.65327835083008,143.87034606933594,90.49899291992188,499.3149108886719,366.6571350097656,204.0084686279297,194.57630920410156,160.36923217773438,216.3817138671875,69.96231079101562,284.5992736816406,130.06329345703125,113.82341766357422,412.1867980957031,84.05463409423828,128.26840209960938,166.2049102783203,358.53387451171875,220.83450317382812,580.5572509765625,269.75238037109375,39.468345642089844,75.57095336914062
2024-08-28,225.99261474609375,324.2563171386719,170.8000030517578,254.97203063964844,170.7100067138672,344.0296936035156,257.79449462890625,48.811195373535156,142.9402618408203,89.09521484375,495.4464416503906,366.17572021484375,202.90980529785156,194.31195068359375,161.32386779785156,217.4725799560547,70.20693969726562,282.0543212890625,130.2711639404297,114.70274353027344,408.95977783203125,81.5908432006836,125.57905578613281,166.01834106445312,360.2469787597656,221.5849609375,581.7334594726562,268.22784423828125,39.506431579589844,75.52132415771484
2024-08-29,229.28536987304688,325.752197265625,172.1199951171875,257.69940185546875,172.25999450683594,347.4284973144531,255.91259765625,49.339942932128906,144.33050537109375,89.4137954711914,502.11041259765625,362.8346252441406,205.39419555664062,194.74273681640625,161.6289520263672,218.37672424316406,70.50048828125,282.8501892089844,131.5579376220703,114.76136016845703,411.4696960449219,82.05403900146484,117.56102752685547,166.97088623046875,359.16131591796875,223.49075317382812,584.728515625,273.33953857421875,39.27790832519531,75.85882568359375
2024-08-30,228.49710083007812,328.5273742675781,178.5,256.5191650390625,173.74000549316406,351.8350830078125,251.8201141357422,49.486820220947266,144.84939575195312,89.98128509521484,505.22943115234375,364.2580261230469,205.7901153564453,197.90524291992188,163.23313903808594,220.92202758789062,70.91146087646484,283.6363220214844,133.31982421875,115.72860717773438,415.4736328125,82.11316680908203,119.34059143066406,168.45370483398438,367.8861389160156,225.2089385986328,583.3743286132812,275.3821716308594,39.782569885253906,76.66287994384766
2024-09-03,222.28079223632812,325.2601318359375,176.25,252.21495056152344,161.02000427246094,336.1650085449219,247.00079345703125,49.01682662963867,141.62835693359375,88.73680114746094,482.66363525390625,360.5412902832031,202.77120971679688,197.07301330566406,164.51255798339844,216.49964904785156,71.4398422241211,282.1834716796875,129.51889038085938,113.90158081054688,407.80438232421875,80.4996109008789,107.973388671875,171.38009643554688,362.2887268066406,225.0114288330078,591.7562255859375,277.5444641113281,40.87759017944336,76.60330963134766
2024-09-04,220.36500549316406,325.3880920410156,173.3300018310547,249.66612243652344,163.22000122070312,332.716796875,246.62240600585938,48.66432571411133,139.09263610839844,88.85626983642578,485.8123779296875,360.4721374511719,203.44427490234375,199.84385681152344,164.70938110351562,215.54638671875,70.99951171875,284.66412353515625,130.8056640625,113.1395034790039,407.26654052734375,80.20263671875,106.18383026123047,172.73526000976562,361.2429504394531,228.5169219970703,597.1926879882812,279.4874572753906,39.496910095214844,76.67279815673828
2024-09-05,221.8916473388672,319.2077941894531,177.88999938964844,249.76528930664062,162.14999389648438,329.5650329589844,245.06907653808594,48.106204986572266,137.97650146484375,88.25891876220703,483.07952880859375,357.6846008300781,200.91038513183594,198.3556365966797,162.37692260742188,213.875732421875,69.63941192626953,284.6048583984375,130.06329345703125,115.86539459228516,406.7585754394531,80.01455688476562,107.18358612060547,172.31300354003906,358.6334533691406,228.9415283203125,588.6031494140625,277.6241455078125,39.33504104614258,76.39486694335938
2024-09-06,220.33506774902344,315.4681701660156,171.38999938964844,242.04937744140625,157.6199951171875,325.415283203125,242.9282684326172,47.48933410644531,135.65618896484375,87.55205535888672,474.890869140625,355.9052734375,196.10984802246094,196.54428100585938,161.77658081054688,208.79490661621094,69.61005401611328,286.1268615722656,127.29178619384766,115.13262939453125,400.0953063964844,79.81656646728516,102.8046646118164,172.43084716796875,359.38043212890625,231.51878356933594,589.9771118164062,278.3714599609375,39.18268585205078,76.07721710205078
2024-09-09,220.4248809814453,320.7430725097656,175.39999389648438,248.85287475585938,162.91000366210938,330.0392761230469,244.7106170654297,47.68516540527344,137.35972595214844,87.95027923583984,483.76275634765625,361.31231689453125,199.10894775390625,199.27597045898438,163.9712677001953,213.06985473632812,70.3047866821289,287.88604736328125,127.15320587158203,112.75846099853516,404.0992431640625,78.68807220458984,106.44376373291016,172.89239501953125,362.4381103515625,238.0754852294922,587.2291870117188,284.58917236328125,40.68715286254883,76.7720718383789
2024-09-10,219.62661743164062,323.7052307128906,179.5500030517578,243.39817810058594,160.07000732421875,330.1578369140625,245.10891723632812,47.77328872680664,135.33309936523438,88.01002502441406,462.53369140625,366.60076904296875,198.90109252929688,201.028564453125,164.7290802001953,202.013916015625,70.01124572753906,287.86627197265625,128.76661682128906,112.6802978515625,412.5453796386719,77.30219268798828,108.0733642578125,174.5912628173828,370.356201171875,236.88534545898438,592.1022338867188,284.3200988769531,41.56316375732422,78.23127746582031
2024-09-11,222.17103576660156,324.73858642578125,184.52000427246094,252.0860137939453,161.3300018310547,330.98779296875,248.50436401367188,48.08661651611328,134.99044799804688,87.93037414550781,466.533935546875,366.2251281738281,201.95957946777344,205.50303649902344,162.20960998535156,203.6551055908203,69.55136108398438,286.8384704589844,128.90518188476562,112.07454681396484,421.3500671386719,77.60906982421875,116.88119506835938,170.7908935546875,370.1072082519531,229.39744567871094,582.9295043945312,282.9450378417969,41.70599365234375,78.26105499267578
2024-09-12,222.28079223632812,324.8172912597656,187.0,253.0480194091797,162.77000427246094,335.51287841796875,252.28811645507812,48.576202392578125,136.29257202148438,88.90605163574219,469.3955078125,370.1197814941406,202.58316040039062,207.18710327148438,162.03245544433594,203.03598022460938,69.69813537597656,288.9336853027344,130.68687438964844,112.60214233398438,425.29425048828125,77.60906982421875,119.12083435058594,170.34898376464844,372.4676513671875,232.184326171875,581.6149291992188,284.35003662109375,41.763126373291016,79.07504272460938
2024-09-13,222.01136779785156,327.1693420410156,186.49000549316406,256.86627197265625,156.77000427246094,341.1742858886719,253.48301696777344,48.76224136352539,137.66322326660156,90.15054321289062,474.2769775390625,375.6157531738281,202.06845092773438,210.3006134033203,162.89852905273438,200.7953338623047,70.3532943725586,293.0648193359375,131.82518005371094,113.1981201171875,428.8699035644531,78.2129135131836,119.0808334350586,170.94802856445312,373.89190673828125,235.8737335205078,587.4467163085938,286.3229675292969,42.30587387084961,80.00813293457031
2024-09-16,215.84495544433594,329.9346923828125,184.88999938964844,258.9390869140625,155.5500030517578,343.79254150390625,255.81301879882812,49.966609954833984,139.11219787597656,91.4448013305664,480.38629150390625,377.612548828125,202.59304809570312,212.62109375,164.34524536132812,204.2742462158203,71.03307342529297,293.2229309082031,133.2406463623047,116.02094268798828,429.6169128417969,78.99494934082031,116.7612075805664,174.05116271972656,377.5372009277344,240.2672882080078,584.3914794921875,289.4417724609375,42.84862518310547,79.96842193603516
2024-09-17,216.31390380859375,327.5137634277344,186.8800048828125,263.21356201171875,156.38999938964844,349.4539489746094,254.100341796875,49.555362701416016,140.404541015625,92.45034790039062,480.614013671875,378.828369140625,202.1575469970703,209.6544189453125,164.4239959716797,205.64027404785156,70.73751831054688,290.3172912597656,132.2112274169922,116.34552001953125,433.41168212890625,79.82647705078125,115.57140350341797,172.71563720703125,376.4814758300781,239.55320739746094,573.3016357421875,290.51788330078125,41.97261047363281,78.02281951904297
2024-09-18,220.20535278320312,327.6318664550781,186.42999267578125,260.0201416015625,155.11000061035156,350.8667907714844,251.7467498779297,49.51619338989258,140.94302368164062,93.16717529296875,479.8119812011719,379.5894775390625,199.5840606689453,210.44749450683594,163.5185546875,203.94993591308594,70.6882553100586,288.6174011230469,132.00335693359375,116.68976593017578,429.0890197753906,80.08384704589844,113.35176086425781,170.7908935546875,373.80224609375,237.77793884277344,575.969970703125,287.4489440917969,41.78217315673828,78.44966125488281
2024-09-19,228.3673858642578,330.6137390136719,189.8699951171875,266.5360107421875,154.58999633789062,368.8389587402344,265.27001953125,50.368064880371094,141.95143127441406,93.0377426147461,498.8725891113281,385.84661865234375,201.623046875,209.41943359375,162.20960998535156,206.84906005859375,69.5749740600586,290.4161376953125,132.4784698486328,115.30294799804688,436.93756103515625,80.16304779052734,117.85103607177734,168.45370483398438,378.22442626953125,235.62579345703125,572.4187622070312,284.2204895019531,41.83930206298828,77.46693420410156
2024-09-20,227.6988525390625,332.0210266113281,191.60000610351562,266.77398681640625,153.2899932861328,364.4027099609375,266.07781982421875,50.88702392578125,142.626953125,93.33641815185547,493.52569580078125,385.3721618652344,201.27662658691406,213.14981079101562,161.56007385253906,207.4485321044922,70.57987976074219,293.3612976074219,133.39901733398438,115.24392700195312,433.53118896484375,85.64714813232422,115.98133850097656,171.08551025390625,376.9993591308594,236.56796264648438,570.365478515625,283.7521667480469,42.21065902709961,78.47943878173828
2024-09-23,225.97265625,330.27911376953125,193.8800048828125,265.097900390625,156.3000030517578,366.724609375,263.4948425292969,51.10243606567383,144.44798278808594,92.55986022949219,492.5157470703125,387.4479675292969,201.69235229492188,215.8912811279297,160.63494873046875,207.79249572753906,70.66854858398438,295.56524658203125,134.26016235351562,113.72924041748047,431.77825927734375,85.33038330078125,116.24130249023438,170.64358520507812,380.3359375,237.3812255859375,568.7882690429688,287.5983581542969,42.14400100708008,79.74011993408203
2024-09-24,226.8706817626953,325.6636657714844,193.9600067138672,264.0169372558594,155.80999755859375,381.3077697753906,269.7080078125,51.425559997558594,144.35987854003906,93.27668762207031,493.1197204589844,396.0478210449219,203.1770477294922,216.35145568847656,160.20191955566406,207.93991088867188,70.27446746826172,296.7611083984375,135.8240966796875,113.07025909423828,427.4555969238281,86.57766723632812,120.85055541992188,170.12313842773438,380.02716064453125,236.02249145507812,570.553955078125,271.8050231933594,42.524879455566406,80.0776138305664
2024-09-25,225.8728790283203,307.8904724121094,192.52999877929688,263.9772644042969,152.22000122070312,373.71978759765625,273.3481140136719,51.552852630615234,140.95281982421875,93.50566864013672,486.3074645996094,392.36077880859375,204.67164611816406,216.60601806640625,158.05645751953125,206.56405639648438,70.39268493652344,296.9587707519531,135.2104034423828,112.84403991699219,430.3838195800781,87.11222076416016,123.4901351928711,169.16075134277344,379.648681640625,234.37615966796875,571.6649169921875,268.6662902832031,42.42013931274414,80.80226135253906
2024-09-26,227.02035522460938,314.0314025878906,191.16000366210938,265.94091796875,154.5800018310547,386.27752685546875,275.01361083984375,51.74868392944336,139.01431274414062,94.78002166748047,492.03057861328125,392.1334228515625,204.91908264160156,218.76004028320312,158.8339385986328,206.1611328125,70.34342956542969,300.1015930175781,138.02149963378906,111.23100280761719,429.5870361328125,88.48820495605469,124.02005004882812,170.0936737060547,382.3876647949219,234.10836791992188,570.177001953125,270.71893310546875,42.486793518066406,79.3331298828125
2024-09-27,227.2897491455078,317.544677734375,187.97000122070312,268.8269348144531,156.32000732421875,386.3961181640625,275.8912353515625,51.915138244628906,142.4409637451172,95.5864486694336,493.60491943359375,394.9308166503906,205.5129852294922,216.2241668701172,158.84376525878906,206.86871337890625,70.7276611328125,300.1411437988281,135.9032745361328,111.82113647460938,426.3101501464844,88.5376968383789,121.38047790527344,170.4275665283203,381.1924743652344,234.16787719726562,577.1602172851562,274.1864929199219,42.7438850402832,79.19415283203125
2024-09-30,232.48831176757812,317.09197998046875,186.3300018310547,268.9657897949219,152.0399932861328,386.43560791015625,272.9691467285156,52.1109733581543,144.18365478515625,95.76565551757812,490.23834228515625,400.53558349609375,204.6023712158203,216.4591522216797,159.49331665039062,207.2224884033203,70.796630859375,300.9515686035156,135.3093719482422,111.69327545166016,428.5810546875,87.50819396972656,121.42046356201172,170.08384704589844,380.1367492675781,232.19424438476562,579.9674682617188,273.9672546386719,42.7629280090332,80.15702819824219
2024-10-01,225.71322631835938,315.23199462890625,185.1300048828125,266.38720703125,154.22000122070312,387.6904296875,270.1368103027344,51.6409797668457,146.56271362304688,93.63510131835938,485.34698486328125,404.3412170410156,203.96888732910156,214.7653350830078,159.4244384765625,203.46839904785156,70.64884948730469,299.439453125,135.66571044921875,112.85387420654297,419.00946044921875,88.23081970214844,116.9811782836914,169.92672729492188,379.05108642578125,233.18601989746094,578.5985717773438,276.6078186035156,43.048583984375,80.67321014404297
2024-10-02,226.28196716308594,314.6513671875,184.75999450683594,268.6881103515625,152.88999938964844,389.3305358886719,278.7235412597656,51.917236328125,147.78652954101562,93.73465728759766,487.1490478515625,406.52581787109375,201.80120849609375,215.13735961914062,158.61741638183594,203.71408081054688,69.9592056274414,300.2103271484375,134.0522918701172,110.23760223388672,415.4636535644531,82.26165008544922,118.83087921142578,168.82687377929688,376.6408386230469,233.1265106201172,587.5359497070312,276.00994873046875,42.89623260498047,79.83938598632812
2024-10-03,225.17440795898438,312.4371032714844,181.9600067138672,266.3772888183594,150.52000427246094,386.406005859375,280.149658203125,51.729774475097656,148.0802459716797,93.21694946289062,481.3170471191406,406.84210205078125,200.81141662597656,218.06488037109375,157.95803833007812,201.6896209716797,69.47644805908203,299.9039611816406,133.40890502929688,108.36883544921875,414.87603759765625,81.27174377441406,122.83023834228516,167.0592498779297,371.60113525390625,231.38099670410156,587.972412109375,275.87042236328125,42.39157485961914,79.83938598632812
2024-10-04,226.30194091796875,314.5824890136719,186.50999450683594,274.41168212890625,155.0,392.3341369628906,286.9711608886719,52.045501708984375,147.58094787597656,94.7302474975586,490.2878723144531,403.6591796875,201.7022247314453,221.2763214111328,157.7513427734375,208.84832763671875,69.13162994384766,300.2103271484375,133.89393615722656,107.965576171875,414.39794921875,81.42023468017578,124.89990234375,165.84156799316406,369.8083801269531,234.26705932617188,586.4349365234375,276.93658447265625,42.06782913208008,80.34563446044922
2024-10-07,221.2031707763672,312.4075927734375,180.8000030517578,272.2440185546875,155.91000366210938,393.4802551269531,283.7997741699219,51.8087043762207,147.9529571533203,91.982421875,489.753173828125,403.3626403808594,201.25682067871094,222.37290954589844,157.00338745117188,208.5615692138672,67.98880004882812,297.3343505859375,133.47821044921875,106.80496215820312,407.90399169921875,80.01455688476562,127.69945526123047,164.1132354736328,366.30255126953125,224.1112823486328,578.8565063476562,272.8114013671875,41.744083404541016,78.51914978027344
2024-10-08,225.27420043945312,312.6339416503906,182.72000122070312,267.59039306640625,154.64999389648438,383.3134765625,290.78082275390625,52.0257682800293,145.63262939453125,92.10189056396484,491.68402099609375,409.41217041015625,204.889404296875,223.84156799316406,157.16085815429688,208.3835906982422,68.15628814697266,298.3720397949219,133.31982421875,106.73612213134766,413.0533447265625,79.95515441894531,132.86862182617188,165.13453674316406,371.8999328613281,228.44532775878906,576.8924560546875,273.97723388671875,41.90595245361328,79.12466430664062
2024-10-09,229.03591918945312,317.2887878417969,185.1699981689453,269.88739013671875,149.3699951171875,391.4449157714844,287.14068603515625,52.84468460083008,146.51376342773438,93.18708038330078,500.20928955078125,411.28045654296875,211.52108764648438,229.40284729003906,158.10565185546875,211.02362060546875,68.54051208496094,300.27947998046875,133.63656616210938,108.45735168457031,415.7923278808594,81.61820983886719,132.628662109375,166.22454833984375,377.4376220703125,229.5660400390625,586.4547119140625,275.940185546875,42.00117492675781,79.8095932006836
2024-10-10,228.53700256347656,315.9110412597656,186.64999389648438,268.9427490234375,146.6199951171875,391.8895568847656,289.38458251953125,52.824951171875,147.46343994140625,92.57977294921875,498.7636413574219,405.2407531738281,211.42210388183594,228.1496124267578,157.96786499023438,210.45013427734375,68.22525024414062,300.487060546875,132.10235595703125,107.60165405273438,414.1788330078125,81.27174377441406,134.78831481933594,165.91030883789062,374.9377136230469,231.28179931640625,592.882568359375,276.478271484375,41.53505325317383,79.02540588378906
2024-10-11,227.05029296875,323.13446044921875,188.82000732421875,274.6006164550781,151.02000427246094,397.205078125,287.3202209472656,53.52546691894531,148.24668884277344,93.7147445678711,511.2198486328125,407.1584167480469,213.78773498535156,228.38458251953125,158.90283203125,219.79400634765625,68.54051208496094,301.4753723144531,133.37921142578125,107.92623901367188,414.6568908691406,81.32123565673828,134.7783203125,168.0117950439453,377.4674987792969,234.63401794433594,593.2296752929688,276.846923828125,41.583404541015625,79.51180267333984
2024-10-14,230.79205322265625,319.46368408203125,187.5399932861328,274.9585876464844,148.99000549316406,389.23175048828125,290.8506164550781,53.54520034790039,148.59913635253906,94.55104064941406,517.6063842773438,410.637939453125,215.38133239746094,230.3427734375,159.04061889648438,218.99310302734375,69.29911804199219,306.2192687988281,134.37893676757812,107.88689422607422,417.4656677246094,80.77678680419922,138.0478057861328,169.40626525878906,382.6167297363281,238.14488220214844,600.5205078125,279.6767883300781,41.767147064208984,79.70040893554688
2024-10-15,233.33645629882812,319.9262390136719,187.69000244140625,275.7441101074219,152.35000610351562,383.3431091308594,287.56951904296875,53.35773849487305,144.63401794433594,93.8043441772461,517.2400512695312,410.79608154296875,215.0546875,228.0908660888672,161.5010223388672,219.8928985595703,69.29911804199219,309.6783447265625,134.3492431640625,109.69664001464844,417.0672302246094,81.29154205322266,131.57884216308594,170.44720458984375,386.98907470703125,238.8986358642578,551.8062744140625,278.2917785644531,42.29903030395508,81.05042266845703
2024-10-16,231.27099609375,316.52117919921875,186.88999938964844,280.08941650390625,154.89999389648438,388.9056701660156,290.0727233886719,55.62702178955078,145.61305236816406,96.32318878173828,524.6464233398438,413.79119873046875,216.7274627685547,228.7860107421875,161.67816162109375,221.12887573242188,69.52571105957031,309.2632751464844,134.96295166015625,108.60488891601562,414.45770263671875,83.09318542480469,135.6981658935547,169.2786102294922,387.8257141113281,240.9516143798828,566.7349853515625,286.4923095703125,42.46342849731445,80.62358093261719
2024-10-17,231.6401824951172,316.2259521484375,187.52999877929688,284.1662902832031,155.30999755859375,389.7652587890625,290.322021484375,55.64675521850586,148.0312957763672,96.1141128540039,523.794921875,410.81585693359375,217.31143188476562,228.0125274658203,161.8651580810547,221.90011596679688,68.86563110351562,311.0224914550781,134.29974365234375,107.9458999633789,415.0552978515625,82.55862426757812,136.90797424316406,169.18038940429688,387.5169372558594,262.6417236328125,561.4677734375,289.35211181640625,42.40540313720703,80.2959976196289
2024-10-18,234.4839324951172,316.5506896972656,188.99000549316406,275.22705078125,155.0,389.142822265625,292.1470947265625,56.0019416809082,147.59071350097656,96.85084533691406,523.2998657226562,410.2227478027344,219.7562713623047,227.34674072265625,162.50485229492188,222.83944702148438,69.39764404296875,312.8607482910156,133.76524353027344,106.91316223144531,416.48956298828125,82.0834732055664,137.97779846191406,169.1873016357422,386.7998352050781,263.2665710449219,565.0189208984375,289.5812683105469,42.540794372558594,80.7129135131836
2024-10-21,235.96067810058594,311.7088317871094,189.07000732421875,269.211181640625,159.82000732421875,387.189453125,290.5015869140625,55.8342170715332,147.71800231933594,96.19376373291016,512.705078125,401.72174072265625,219.24156188964844,226.90614318847656,160.25112915039062,220.49606323242188,68.42228698730469,311.21026611328125,133.46829223632812,104.59194946289062,417.1070861816406,80.65799713134766,143.6868896484375,167.46856689453125,380.2164001464844,257.5638427734375,566.8638916015625,285.8247375488281,42.260345458984375,80.21659088134766
2024-10-22,235.342041015625,314.5824890136719,189.6999969482422,270.86181640625,159.8800048828125,385.1864318847656,287.549560546875,55.844078063964844,147.7571563720703,96.31322479248047,513.2001953125,397.22412109375,220.08290100097656,227.39569091796875,160.86131286621094,221.6034698486328,68.42228698730469,311.0125732421875,130.38992309570312,104.88703155517578,425.8022155761719,80.59860229492188,143.56690979003906,167.62661743164062,359.9282531738281,257.0877990722656,565.266845703125,283.7721252441406,40.1328239440918,81.4177017211914
2024-10-23,230.25323486328125,309.8981018066406,184.7100067138672,269.6984558105469,157.05999755859375,382.4794616699219,283.6601257324219,55.52835464477539,147.3263702392578,95.8154296875,512.111083984375,395.0395812988281,218.0933837890625,227.88525390625,163.23313903808594,220.90145874023438,67.00360107421875,295.08099365234375,126.60879516601562,104.63129425048828,422.9038391113281,79.24242401123047,139.5375518798828,167.50807189941406,361.2628479003906,255.23316955566406,560.0889892578125,282.74578857421875,41.44801712036133,82.65852355957031
2024-10-24,230.06365966796875,310.675537109375,186.3800048828125,268.4555358886719,155.1999969482422,383.7982482910156,285.9838562011719,55.21263122558594,147.2969970703125,94.97914123535156,519.3391723632812,398.0445861816406,206.96798706054688,213.82537841796875,161.07781982421875,222.4538116455078,66.30410766601562,298.0557861328125,125.1834487915039,104.13951873779297,423.0333251953125,78.24261474609375,140.38742065429688,167.54757690429688,360.13739013671875,254.3108367919922,556.2898559570312,282.20770263671875,40.48096466064453,82.43022155761719
2024-10-25,230.9018096923828,311.9450378417969,187.8300018310547,265.8403625488281,155.00999450683594,382.7174377441406,289.673828125,54.99557113647461,147.6494598388672,94.61077117919922,507.5562744140625,394.3179931640625,205.87921142578125,210.18312072753906,158.33201599121094,219.8137969970703,65.92972564697266,289.19061279296875,123.48094940185547,102.27075958251953,426.43963623046875,78.05452728271484,141.51722717285156,166.16470336914062,357.59765625,248.43951416015625,560.0095825195312,280.7230529785156,40.01677703857422,81.90411376953125
2024-10-28,232.88743591308594,312.1320495605469,188.38999938964844,269.93707275390625,150.69000244140625,387.3183288574219,292.974853515625,54.541709899902344,147.38511657714844,95.7756118774414,518.4282836914062,398.2521667480469,203.9985809326172,208.45993041992188,159.04061889648438,222.96798706054688,65.68342590332031,293.3218078613281,128.96458435058594,102.51664733886719,424.8858642578125,78.11392974853516,140.4973907470703,167.23150634765625,361.8106384277344,250.2941131591797,560.6841430664062,283.17425537109375,40.24886703491211,82.14234924316406
2024-10-29,233.15684509277344,310.9806213378906,190.8300018310547,268.9029541015625,152.97999572753906,384.24444580078125,298.0810241699219,54.936370849609375,145.407470703125,95.70591735839844,519.1213989257812,390.5221862792969,203.8798065185547,206.03175354003906,157.5545196533203,220.3971710205078,64.58985137939453,291.55267333984375,127.95496368408203,102.02486419677734,430.2244873046875,77.60906982421875,141.22727966308594,165.12753295898438,360.1672668457031,246.6245574951172,557.5991821289062,280.87249755859375,39.96842575073242,81.10005187988281
2024-10-30,229.59469604492188,310.5279541015625,192.72999572753906,272.5323486328125,154.2899932861328,376.04412841796875,295.5977478027344,54.847572326660156,144.94729614257812,94.66055297851562,519.240234375,388.00152587890625,202.11795043945312,200.61734008789062,158.06629943847656,221.89022827148438,64.94452667236328,288.11334228515625,126.2623519897461,103.10678100585938,430.8021545410156,75.6787338256836,139.3175811767578,164.12986755371094,360.4361877441406,248.0328826904297,558.4224853515625,289.1228942871094,39.92007064819336,80.7923355102539
2024-10-31,225.4138946533203,315.07452392578125,186.39999389648438,268.554931640625,149.30999755859375,373.02978515625,290.58135986328125,54.03852462768555,145.701171875,95.7756118774414,512.6951904296875,389.2173767089844,203.58285522460938,202.3992919921875,157.3281707763672,219.4281768798828,64.34355163574219,288.6964416503906,127.16310119628906,100.6380386352539,404.72674560546875,76.35188293457031,132.7386474609375,163.16183471679688,357.3287048339844,243.91702270507812,559.9500732421875,288.8139953613281,40.742069244384766,81.34822082519531
2024-11-01,222.4204864501953,314.14947509765625,197.92999267578125,271.15020751953125,154.58999633789062,376.4308776855469,293.9222717285156,54.75877380371094,149.8621063232422,95.3873291015625,514.2398681640625,388.0707092285156,207.0570831298828,203.89732360839844,157.59390258789062,220.43673706054688,64.0479965209961,291.7602233886719,125.92581939697266,100.20526885986328,408.7306823730469,77.27249908447266,135.3782196044922,163.08282470703125,356.5319519042969,243.61947631835938,562.9854125976562,289.7008056640625,39.9974365234375,81.58646392822266
2024-11-04,221.52244567871094,311.87615966796875,195.77999877929688,268.6643371582031,155.07000732421875,373.3470458984375,297.2033996582031,55.08436584472656,150.7432403564453,95.36742401123047,506.4374084472656,391.0164489746094,205.42388916015625,202.00767517089844,155.73382568359375,217.31219482421875,64.14651489257812,289.4278259277344,124.56975555419922,100.19544219970703,406.82830810546875,76.41128540039062,136.0281219482422,163.0630645751953,372.8959045410156,240.81275939941406,553.2743530273438,290.8068542480469,39.70731735229492,81.84454345703125
2024-11-05,222.95928955078125,314.2183837890625,199.5,274.3818664550781,151.0,380.13934326171875,296.6847839355469,55.40995788574219,150.19497680664062,96.2037124633789,521.7750244140625,395.4844055175781,206.65126037597656,203.23153686523438,155.8420867919922,219.0030059814453,64.40266418457031,293.8455810546875,125.2329330444336,99.97905731201172,409.8163146972656,77.19331359863281,139.8874969482422,163.7347412109375,376.69061279296875,242.82606506347656,562.4597778320312,292.2417297363281,39.900726318359375,83.06551361083984
2024-11-06,222.23089599609375,316.67864990234375,207.08999633789062,293.49334716796875,147.16000366210938,413.3669738769531,306.0693054199219,57.09711837768555,154.41464233398438,98.45374298095703,590.1158447265625,383.8992919921875,214.19354248046875,209.13551330566406,155.37953186035156,244.28590393066406,62.75737762451172,290.5643615722656,132.5576629638672,99.07417297363281,418.50146484375,74.56014251708984,145.58656311035156,159.08229064941406,379.20050048828125,251.8611297607422,591.8806762695312,306.30126953125,39.80402374267578,82.82728576660156
2024-11-07,226.98043823242188,316.7967529296875,210.0500030517578,285.200439453125,150.97999572753906,404.77001953125,309.9388122558594,57.304317474365234,153.48455810546875,98.49356842041016,576.4417114257812,394.8418884277344,215.2823486328125,209.22361755371094,154.24774169921875,233.725830078125,62.71796798706055,291.2166442871094,131.71630859375,99.5069351196289,423.7304992675781,75.15409088134766,148.85606384277344,161.41346740722656,382.4573669433594,250.20486450195312,600.5700073242188,304.70697021484375,39.23345947265625,83.23426818847656
2024-11-08,226.7107391357422,320.11322021484375,208.17999267578125,285.97601318359375,151.67999267578125,390.0550537109375,321.07861328125,57.284584045410156,153.6411895751953,98.58316802978516,583.4619750976562,401.2275085449219,217.25205993652344,209.2530059814453,153.0076904296875,234.31907653808594,62.97412109375,295.476318359375,132.97337341308594,101.2281723022461,420.85205078125,75.11449432373047,147.6062469482422,165.6609344482422,385.1166687011719,254.77696228027344,610.8465576171875,306.76959228515625,39.14642333984375,84.20707702636719
2024-11-11,223.98373413085938,316.6983337402344,206.83999633789062,291.315673828125,148.9600067138672,393.1983642578125,340.8050537109375,57.84697341918945,153.22023010253906,100.41505432128906,596.413330078125,403.5899963378906,222.94342041015625,209.10614013671875,152.58448791503906,236.60313415527344,62.42240905761719,298.0063781738281,131.6470184326172,99.07417297363281,416.34014892578125,75.82723236083984,145.23663330078125,164.00146484375,387.686279296875,256.2348327636719,620.21044921875,309.8087158203125,39.10774230957031,83.59162139892578
2024-11-12,223.98373413085938,294.0931701660156,208.91000366210938,286.8808898925781,145.1699981689453,389.6981201171875,340.22662353515625,57.9259033203125,152.0355682373047,100.54447937011719,586.75927734375,398.4399719238281,231.52503967285156,208.07984924316406,150.22251892089844,236.8701171875,62.264774322509766,295.1600341796875,129.02398681640625,96.95951843261719,421.340087890625,75.88663482666016,148.26612854003906,163.81378173828125,382.1286926269531,255.86790466308594,609.7156982421875,309.3294982910156,39.069061279296875,84.36589050292969
2024-11-13,224.8727569580078,296.6518859863281,214.10000610351562,286.01580810546875,139.97000122070312,383.80816650390625,340.7950439453125,58.389625549316406,155.39369201660156,102.26685333251953,588.3731689453125,405.4681396484375,230.693603515625,208.13905334472656,150.81301879882812,238.4521484375,62.06773376464844,293.8752136230469,130.11277770996094,96.8808364868164,423.5014343261719,75.74803924560547,146.2464599609375,164.5447235107422,385.7341613769531,254.55877685546875,600.9866333007812,308.96014404296875,39.78468322753906,84.87215423583984
2024-11-14,227.9693603515625,291.2294006347656,211.47999572753906,286.6720275878906,138.13999938964844,384.095703125,330.7523193359375,57.14645004272461,158.40914916992188,108.63861846923828,582.818359375,401.049560546875,228.31805419921875,206.23451232910156,149.46470642089844,239.1541748046875,61.6243896484375,295.07110595703125,130.97393798828125,96.74313354492188,425.1846923828125,74.91651153564453,146.7363739013672,165.0386199951172,386.8994445800781,254.40997314453125,588.3692016601562,307.732177734375,39.52357482910156,83.84971618652344
2024-11-15,224.7528839111328,279.1051025390625,202.61000061035156,285.2501220703125,140.19000244140625,380.8334655761719,324.379638671875,56.69259262084961,158.03709411621094,114.57232666015625,587.6998901367188,403.48126220703125,227.77099609375,202.28724670410156,151.56097412109375,242.5555419921875,60.82638168334961,289.21038818359375,129.1529083251953,94.7268295288086,413.3421936035156,75.88663482666016,141.9571533203125,167.46856689453125,378.1635437011719,258.67462158203125,587.45654296875,309.119873046875,40.27788162231445,83.63133239746094
2024-11-18,227.7695770263672,276.52593994140625,201.6999969482422,283.92767333984375,143.8699951171875,381.22015380859375,321.37774658203125,56.54460144042969,158.9964599609375,113.03911590576172,582.2044677734375,405.7152404785156,227.63174438476562,205.3463592529297,152.31878662109375,242.2786865234375,60.94460678100586,287.6982727050781,129.5310516357422,94.97272491455078,414.0991516113281,74.13448333740234,140.12744140625,168.66378784179688,374.531494140625,260.52923583984375,584.8974609375,311.6356201171875,40.85811233520508,83.46258544921875
2024-11-19,228.02928161621094,277.7064208984375,204.61000061035156,283.9375915527344,145.60000610351562,379.10809326171875,322.5545654296875,56.24860382080078,157.8491973876953,111.92405700683594,575.6595458984375,402.11712646484375,226.98519897460938,207.47789001464844,150.57681274414062,240.36045837402344,61.66380310058594,287.3326110839844,127.56077575683594,94.95304870605469,416.12103271484375,73.16437530517578,146.98634338378906,168.67364501953125,372.6855163574219,257.1373596191406,572.3493041992188,311.3261413574219,40.54865646362305,85.96407318115234
2024-11-20,228.7484893798828,285.56292724609375,202.8800048828125,286.0853576660156,146.0800018310547,378.28509521484375,324.8184509277344,56.73206329345703,159.56021118164062,113.75594329833984,576.2041015625,395.3954162597656,225.46334838867188,211.77053833007812,150.68507385253906,238.07640075683594,62.05788803100586,287.510498046875,127.21248626708984,95.83826446533203,413.8302001953125,72.61991882324219,145.8665313720703,168.8020782470703,370.8495178222656,255.07449340820312,595.659912109375,306.8736572265625,40.8291015625,86.5398178100586
2024-11-21,228.26902770996094,287.57666015625,198.3800048828125,291.34552001953125,143.41000366210938,386.30694580078125,334.8711242675781,56.791263580322266,159.85691833496094,114.21391296386719,590.2445678710938,405.72515869140625,224.8864288330078,219.46768188476562,153.03721618652344,242.01170349121094,62.81648635864258,285.0989990234375,126.69503784179688,98.21847534179688,412.0437927246094,74.34236145019531,146.6464080810547,170.6393585205078,382.4841003417969,258.6647033691406,592.6741943359375,309.3794250488281,41.099876403808594,87.74092864990234
2024-11-22,229.61753845214844,292.1695556640625,197.1199951171875,299.5986328125,149.2899932861328,394.1403503417969,341.09423828125,57.76803970336914,160.57891845703125,115.13980865478516,596.8489990234375,415.16522216796875,227.89035034179688,220.03016662597656,152.71243286132812,245.75917053222656,62.97412109375,286.8878479003906,127.78964233398438,97.5496597290039,416.16552734375,76.6191635131836,141.92715454101562,174.12620544433594,387.4532165527344,260.3110656738281,586.1075439453125,309.3993835449219,41.72846603393555,89.77587127685547
2024-11-25,232.61424255371094,291.643798828125,201.4499969482422,303.486572265625,153.10000610351562,402.2315979003906,338.1921081542969,57.955501556396484,158.60084533691406,115.48826599121094,597.0964965820312,423.73541259765625,229.37242126464844,223.1485137939453,153.31277465820312,247.47962951660156,63.427310943603516,292.728759765625,129.68032836914062,99.49711608886719,417.95196533203125,78.46039581298828,135.9981231689453,175.22265625,398.8383483886719,259.07135009765625,600.947021484375,312.66387939453125,42.53112030029297,88.84278106689453
2024-11-26,234.8018341064453,277.76593017578125,207.86000061035156,303.84454345703125,150.75999450683594,404.3932189941406,342.2511291503906,58.79414749145508,160.74703979492188,114.94068908691406,599.542236328125,424.5755920410156,229.17347717285156,225.8129119873047,153.29295349121094,247.16322326660156,63.59479904174805,292.86712646484375,132.2974090576172,99.94954681396484,427.133544921875,76.82704162597656,136.89797973632812,177.1191864013672,395.2761535644531,261.600341796875,601.8992309570312,311.29620361328125,42.90827178955078,90.63948059082031
2024-11-27,234.67198181152344,277.825439453125,205.74000549316406,302.531982421875,152.39999389648438,400.29803466796875,329.1167907714844,58.4981575012207,160.33164978027344,117.08120727539062,599.4728393554688,424.4961242675781,228.4175262451172,223.92808532714844,154.16595458984375,246.9852294921875,63.4765739440918,291.6317443847656,131.8297119140625,101.42488861083984,422.1435546875,77.54966735839844,135.31822204589844,177.16859436035156,393.10089111328125,264.4665832519531,603.4764404296875,314.1713562011719,42.91794204711914,91.2052993774414
2024-11-29,237.06935119628906,280.6029968261719,207.88999938964844,302.95953369140625,155.44000244140625,402.6877136230469,329.0968017578125,58.419227600097656,160.15362548828125,116.9517822265625,602.58203125,426.42388916015625,231.6900177001953,224.41163635253906,153.779052734375,246.91603088378906,63.6105842590332,292.5508728027344,132.8745574951172,99.9692153930664,422.61260986328125,77.97533416748047,138.22776794433594,177.06980895996094,396.53338623046875,263.8516845703125,605.28173828125,314.5506896972656,42.8792610168457,91.82074737548828
2024-12-02,239.3268585205078,275.8712463378906,210.7100067138672,300.5532531738281,156.5399932861328,399.1180725097656,330.1140441894531,58.636287689208984,160.43055725097656,116.64315032958984,598.7410888671875,424.2675476074219,228.7258758544922,224.39190673828125,153.5707244873047,243.48500061035156,63.18373489379883,290.76123046875,132.23770141601562,98.95614624023438,430.1175842285156,78.69171142578125,138.60769653320312,177.50442504882812,394.71734619140625,261.3424987792969,603.6152954101562,316.1180725097656,42.40540313720703,91.959716796875
2024-12-03,242.3834991455078,276.0894775390625,213.44000244140625,300.404052734375,155.0,395.89544677734375,330.5329284667969,58.68561935424805,160.14373779296875,115.936279296875,599.1092529296875,426.64251708984375,225.75180053710938,225.9806671142578,151.1501007080078,242.071044921875,63.0546875,292.80938720703125,130.50624084472656,100.17576599121094,430.3371276855469,78.4628677368164,140.23744201660156,173.2767333984375,394.45794677734375,258.446533203125,600.351806640625,312.48419189453125,42.38606643676758,92.82333374023438
2024-12-04,242.74310302734375,276.02996826171875,218.16000366210938,300.8913269042969,158.27999877929688,396.1433410644531,366.8742980957031,58.82374954223633,156.58323669433594,116.47389221191406,595.755859375,425.2215270996094,228.5667266845703,230.41148376464844,149.27511596679688,240.6669921875,61.75428009033203,293.39599609375,129.80967712402344,99.70365905761719,436.544677734375,77.975341796875,145.1166534423828,172.9705047607422,391.21502685546875,259.6267395019531,605.866943359375,309.3794250488281,41.11922073364258,93.75642395019531
2024-12-05,242.7730712890625,272.1314392089844,220.5500030517578,298.8329772949219,156.6699981689453,391.6515197753906,360.40185546875,59.218406677246094,157.5821533203125,115.9860610961914,593.8552856445312,423.8502197265625,225.08535766601562,231.6548614501953,148.33265686035156,242.7236328125,62.45907974243164,297.7508544921875,132.675537109375,101.84782409667969,441.7342529296875,78.18428039550781,145.04666137695312,173.8792724609375,384.39990234375,261.09454345703125,574.3034057617188,308.560791015625,41.148231506347656,94.60018920898438
2024-12-06,242.5732879638672,270.39544677734375,227.02999877929688,302.2734375,153.92999267578125,391.70111083984375,361.01019287109375,59.09014129638672,153.53701782226562,116.21504974365234,596.7210693359375,428.6497497558594,225.17489624023438,234.90147399902344,148.1243133544922,244.58251953125,62.071937561035156,297.2637023925781,132.4566192626953,101.39537811279297,442.682373046875,78.49272155761719,142.42689514160156,171.6962890625,384.1205139160156,259.00189208984375,545.1900024414062,310.487548828125,40.974159240722656,94.99724578857422
2024-12-09,246.47900390625,275.4049987792969,226.08999633789062,295.04449462890625,157.0399932861328,395.89544677734375,350.618408203125,58.162696838378906,155.35684204101562,114.1043930053711,591.1884765625,426.47357177734375,223.89175415039062,226.9674835205078,148.41201782226562,241.0723876953125,62.141422271728516,299.63995361328125,130.84457397460938,102.08387756347656,445.12744140625,77.24901580810547,138.79722595214844,168.7032928466797,375.62908935546875,249.8478240966797,558.2343139648438,307.7821044921875,40.9644889831543,93.14098358154297
2024-12-10,247.4978790283203,273.5400695800781,225.0399932861328,300.404052734375,164.10000610351562,385.1170654296875,347.8758544921875,57.93577194213867,155.2777099609375,114.22386932373047,582.1433715820312,419.92510986328125,227.8605194091797,228.66481018066406,148.04495239257812,240.133056640625,62.449153900146484,298.9837341308594,129.13302612304688,99.33973693847656,442.4428405761719,76.35354614257812,135.05758666992188,170.17507934570312,370.7896728515625,246.6409454345703,562.7848510742188,311.8552551269531,40.906463623046875,93.85569763183594
2024-12-11,246.2192840576172,271.21881103515625,230.25999450683594,300.6327819824219,165.9600067138672,385.5929870605469,353.8895263671875,57.8075065612793,154.4963836669922,114.1043930053711,589.6361694335938,418.7227478027344,227.8406219482422,227.08590698242188,145.47552490234375,240.7955322265625,62.18113327026367,294.40020751953125,129.13302612304688,98.11029052734375,448.0915222167969,78.45291900634766,139.29718017578125,168.54525756835938,371.12890625,244.14117431640625,531.2595825195312,313.26287841796875,40.60668182373047,94.26268768310547
2024-12-12,247.68768310546875,271.8636169433594,228.97000122070312,298.6042785644531,167.75,377.5711669921875,357.0609130859375,58.064029693603516,153.01283264160156,114.39311981201172,588.6908569335938,411.8066711425781,226.47792053222656,229.1976776123047,145.07870483398438,238.81797790527344,63.37234115600586,294.92718505859375,129.1131134033203,99.58563232421875,448.6603698730469,77.5674057006836,137.32736206054688,168.7625732421875,366.0500183105469,242.8863067626953,513.565185546875,313.7021484375,40.6937141418457,93.3990707397461
2024-12-13,247.85748291015625,268.451171875,227.4600067138672,300.4339294433594,169.64999389648438,377.3034362792969,353.3509826660156,57.837100982666016,152.18203735351562,112.83999633789062,582.5911254882812,414.35052490234375,226.4082794189453,227.7766876220703,145.45567321777344,237.245849609375,62.657615661621094,294.8973388671875,129.2822723388672,100.32330322265625,446.37493896484375,76.86097717285156,134.23765563964844,168.97000122070312,363.70513916015625,245.29644775390625,518.2650756835938,314.2112731933594,40.88712692260742,93.76518249511719
2024-12-16,250.7642822265625,264.36419677734375,232.92999267578125,301.8558349609375,173.1699981689453,375.72686767578125,356.2630920410156,57.570709228515625,147.72152709960938,112.11000061035156,583.4369506835938,408.1200256347656,234.74368286132812,226.3063201904297,142.7076873779297,236.889892578125,62.09178924560547,296.0009765625,128.83448791503906,99.2029800415039,450.6863098144531,76.81122589111328,131.98785400390625,169.04901123046875,364.2339782714844,245.26657104492188,496.3786315917969,315.359375,39.53324890136719,94.38199615478516
2024-12-17,253.20159912109375,263.8186340332031,231.14999389648438,299.638427734375,173.02999877929688,372.63311767578125,350.0200500488281,57.738441467285156,146.4852294921875,113.0199966430664,571.8444213867188,405.8941650390625,231.8889617919922,225.95106506347656,145.24734497070312,235.68357849121094,62.93556594848633,294.38031005859375,127.42146301269531,99.2029800415039,453.5505676269531,77.6072006225586,130.3780059814453,168.24891662597656,361.9988708496094,242.64727783203125,483.453857421875,317.7652893066406,39.43654251098633,94.92916107177734
2024-12-18,247.77757263183594,256.7060546875,220.52000427246094,286.1549987792969,172.6199951171875,360.8235168457031,336.7009582519531,56.761661529541016,142.49945068359375,111.3499984741211,547.5349731445312,391.3365478515625,225.65232849121094,217.26710510253906,143.60052490234375,227.78329467773438,62.389591217041016,289.2101745605469,124.91382598876953,97.49771118164062,436.5147399902344,76.51274108886719,128.8981475830078,167.01419067382812,347.8996887207031,235.06829833984375,497.59344482421875,309.2596130371094,38.91433334350586,93.06878662109375
2024-12-19,249.51565551757812,259.0967712402344,223.2899932861328,291.425048828125,177.0399932861328,357.3331604003906,335.7025451660156,56.860328674316406,139.60157775878906,111.37000274658203,551.2564697265625,382.592041015625,225.67222595214844,220.9676513671875,142.4398193359375,230.34422302246094,61.99252700805664,288.5639343261719,126.50597381591797,98.6676025390625,436.15545654296875,76.71173095703125,130.66796875,167.1228485107422,341.6333923339844,236.741455078125,487.1679992675781,314.3510437011719,38.653228759765625,92.9195556640625
2024-12-20,254.21051025390625,261.2691955566406,224.9199981689453,296.9635925292969,177.35000610351562,362.9554138183594,343.1108703613281,57.738441467285156,141.28294372558594,112.02999877929688,563.3067016601562,390.1242370605469,227.1045684814453,220.4150390625,143.32275390625,234.93212890625,62.09178924560547,290.9998474121094,128.64541625976562,97.21019744873047,435.726318359375,76.55254364013672,134.68760681152344,166.00665283203125,344.7166442871094,239.7790069580078,498.001708984375,317.1763000488281,38.61454772949219,91.76551818847656
2024-12-23,254.98965454101562,261.8842468261719,225.05999755859375,297.1127624511719,177.69000244140625,362.3108825683594,342.362060546875,58.192298889160156,141.40162658691406,111.4000015258789,567.9636840820312,389.9751892089844,225.93084716796875,219.00387573242188,144.1164093017578,235.71324157714844,61.923038482666016,289.6178283691406,128.34689331054688,98.51889038085938,434.3790283203125,76.37345123291016,139.6571502685547,166.0560302734375,344.0880126953125,240.37657165527344,504.1852722167969,316.6871337890625,38.62421417236328,89.88524627685547
2024-12-24,257.91644287109375,262.37030029296875,229.0500030517578,301.7464599609375,179.33999633789062,364.4725036621094,343.8896484375,59.05067443847656,142.26206970214844,112.55999755859375,579.9143676757812,393.6419372558594,227.6814727783203,221.45120239257812,144.69180297851562,239.58921813964844,62.379669189453125,292.30230712890625,129.72012329101562,98.59819793701172,438.4508361816406,76.4032974243164,140.2071075439453,166.8759002685547,345.76434326171875,241.890380859375,503.9463195800781,320.1113586425781,38.488826751708984,92.20325469970703
2024-12-26,258.7355041503906,261.07080078125,227.0500030517578,302.2734375,180.3800048828125,364.0262756347656,341.18389892578125,59.17893981933594,142.40054321289062,112.55000305175781,578.362060546875,392.64825439453125,230.62571716308594,221.92486572265625,144.42393493652344,240.409912109375,62.11164474487305,293.107666015625,130.5360870361328,99.01461029052734,437.2332763671875,76.55254364013672,139.91712951660156,168.08099365234375,344.7565612792969,242.73690795898438,508.9748229980469,320.3709411621094,38.6435546875,92.31269073486328
2024-12-27,255.30929565429688,260.5450439453125,223.75,299.35003662109375,180.72000122070312,361.7853088378906,337.9190673828125,58.81388473510742,142.42031860351562,111.55000305175781,573.3370361328125,390.3825988769531,228.28822326660156,219.84268188476562,143.8981475830078,238.4620361328125,61.99252700805664,291.9344482421875,129.54100036621094,98.84606170654297,429.66845703125,76.03515625,136.9973907470703,167.4586944580078,342.5414123535156,240.42637634277344,507.8197326660156,318.12469482421875,38.6048698425293,91.18851470947266
2024-12-30,251.9230194091797,257.2218933105469,221.3000030517578,295.6510314941406,176.5500030517578,359.950927734375,335.2132873535156,58.39949035644531,141.5005340576172,110.80000305175781,570.719970703125,386.9742126464844,225.3937225341797,217.34603881835938,142.20172119140625,236.6328125,61.575599670410156,287.9375305175781,128.49615478515625,97.52745819091797,423.9798583984375,74.2740707397461,137.47735595703125,165.04849243164062,338.01129150390625,238.89263916015625,505.6390686035156,314.78033447265625,38.295413970947266,90.10411071777344
